shape,trial,groove_ms,total_ms,volume_mm3,cx,cy,cz,solids,carbon_mm3,carbon_x,carbon_z
strip,0,226.5518,1171.0805,125134.867382,99.9348808055,-0.000652747022629,3.17658984422,2,840.000027352,109.999999925,4.16785455164
strip,1,230.8357,1180.044,125134.867382,99.9348808055,-0.000652747022629,3.17658984422,2,840.000027352,109.999999925,4.16785455164
strip,2,221.8359,1165.2387,125134.867382,99.9348808055,-0.000652747022629,3.17658984422,2,840.000027352,109.999999925,4.16785455164
strip,3,224.7233,1148.5267,125134.867382,99.9348808055,-0.000652747022629,3.17658984422,2,840.000027352,109.999999925,4.16785455164
strip,4,227.9972,1162.0551,125134.867382,99.9348808055,-0.000652747022629,3.17658984422,2,840.000027352,109.999999925,4.16785455164
round,0,226.5985,2716.9258,125535.044291,99.9669661919,-0.000650666191852,3.17974976644,2,879.645955556,109.999998742,4.16783376696
round,1,218.527,2762.259,125535.044291,99.9669661919,-0.000650666191852,3.17974976644,2,879.645955556,109.999998742,4.16783376696
round,2,216.7526,2704.6101,125535.044291,99.9669661919,-0.000650666191852,3.17974976644,2,879.645955556,109.999998742,4.16783376696
round,3,214.4424,2670.7407,125535.044291,99.9669661919,-0.000650666191852,3.17974976644,2,879.645955556,109.999998742,4.16783376696
round,4,213.858,2709.4961,125535.044291,99.9669661919,-0.000650666191852,3.17974976644,2,879.645955556,109.999998742,4.16783376696
